Trial,Result
0,0.3639222
1,1.619081
2,0.3028261
3,3.332417
4,341.7111
5,0.4097506
6,0.8734297
7,484.9603
8,0.5927154
9,0.4055695

