Trial,Result
0,4.5572
1,0.6983275
2,1.321696
3,5.12536
4,4.104187
5,0.4019317
6,1.497816
7,5.7146
8,2.911287
9,4.969452

