Trial,Result
0,4.812157
1,4.848468
2,0.8838227
3,5.236353
4,1.963887
5,5.157558
6,1.047121
7,4.743298
8,2.732338
9,4.573658

